filler type.1,matrix type,filler size/nm,BET,cage size/A,aperture size/A,loading amout,thickness/μm,T/℃,P/bar,Control CH4 permeability,Control CO2/CH4 selectivity,Relative CO2 permeability,Relative CO2/CH4 selectivity
Cu3BTC2,Matrimid 5218,10000,1600,12,3.4,0.2,55,35,5,0.355,23.38028169,1.771084337,2.372584678
ZIF-8,Matrimid 5218,60,1450,11.6,3.4,0.1,55,22,4,0.23,35.08695652,1.693928129,0.865785488
MIL-125,Matrimid 9725,150,930,10.7,5.5,0.2,,35,9,0.133333333,30,3.65,1.366666667
MIL-125,Matrimid 9725,1750,1040,10.7,5.5,0.3,,35,9,0.133333333,30,3.375,1.24
MIL-53,FDH,100,795,7.8,7.8,0.1,,35,11.2,3,18.03333333,0.870609982,4.353049908
MIL-125,PSF,650,1300,10.7,6,0.3,10,30,3,0.431818182,22,4.210526316,1.327272727
MOF-5,PI,3000,2387,7.8,7.8,0.05,40,25,1,0.22,9.318181818,1.843902439,1.021809916
ZIF-8,6FDA-Durene/DABA (9/1),80,1350,11.6,3.4,0.1,50,3,10,13.1,19.54198473,1.17578125,0.981065884
MOF-5,PI,3000,2387,7.8,7.8,0.05,40,25,3,0.225,9.777777778,2.318181818,0.853667609
UiO-67,6FDA-ODA,1000,1998,21,11.7,0.25,30,35,11.2,0.33,43.63636364,1.444444444,0.34047619
MIL-101,SPEEK,500,3175,19.9,7.5,0.2,65,25,1,75.3968254,7.56,1.807017544,1.361111111
MOF-5,PI,3000,2387,7.8,7.8,0.05,40,25,2,0.223,9.417040359,2.285714286,0.93525557
Co4(μ4-O)(Me2pzba)3,Matrimid 5218,3000,1850,14,6,0.24,90,30,3,0.21,41.42857143,1.494252874,1.426332288
Cu–BPY–HFS,Matrimid 5218,250,2000,8,8,0.2,,35,3.9,0.21,34.71428571,1.355281207,0.790580704
MOF-5,PI,3000,2387,7.8,7.8,0.05,40,25,1,0.22,9.318181818,1.780487805,1.125595739
MOF-5,PI,3000,2387,7.8,7.8,0.05,40,25,1,0.22,9.318181818,2.2,0.989775051
ZIF-8,PPEES,4900,1550,11.8,3.4,0.1,,30,1,0.3,25,1.4,0.933333333
MIL-53,PSF,1000,1475,,6,0.15,75,35,3,0.211570248,24.2,1.015625,1.004132231
ZIF-11,Matrimid 5218,1000,1100,16.5,3,0.2,70,35,4,0.26,16.15384615,2.797619048,1.69158361
ZIF-67,PEBAX 1657,300,1465,11.6,3.3,0.03,95,35,11,4.1,17.09756098,2.201141227,1.583277023
ZIF-8,Pebax2533,400,1350,11.6,3.4,0.25,50,25,2,42,8.357142857,3.082621083,0.95903767
ZIF-8,PEGDA,200,1500,11.8,3.4,0.1,125,35,,6.5,20,2.461538462,1
Cu3BTC2,Matrimid 5218,10000,1071,8.6,8.6,0.1,42.5,35,10,0.556179775,17.8,1.555555556,1.224719101
MIL-101,PI,1000,519,19.9,12,0.08,75,35,3,0.236842105,38,1.133333333,0.918947368
MOF-5,PI,3000,2387,7.8,7.8,0.05,40,25,3,0.225,9.777777778,2.354545455,0.878561737
ZIF-8,6FDA-HAB DAM-7,50,1350,11.6,3.4,0.1,60,35,1,12.7,23.93700787,1.391447368,1.004055772
MOF-5,PI,3000,2387,7.8,7.8,0.05,40,25,5,0.249,9.236947791,2.513043478,0.827708765
UiO-66,Matrimid 5218,350,980,11,6,0.1,100,25,3,0.6,30,2.166666667,2.1
UiO-66,6FDA-DAM,,965,11,6,0.16,125,25,2,35.0877193,28.5,1.23,1.070175439
ZIF-8,P84,30,1821,11.8,3.4,0.17,20,25,3,0.049,54.28571429,2.379699248,1.714783282
ZIF-8,PVC-g-POEM,250,1350,11.6,3.4,0.2,,35,1,2.4,18.125,5.165517241,0.655938697
MOF-74,PIM-1-TD,11000,1250,11,11,0.1,50,25,2,536,12.26865672,1.429440389,1.083705868
UiO-66,Matrimid 5218,350,980,11,6,0.05,100,25,3,0.6,30,2.194444444,1.5
ZIF-7,PEBAX 1657,35,1100,7.5,3,0.34,1.052,20,3.5,5.142857143,14,0.569444444,3.142857143
MOF-5,PI,3000,2387,7.8,7.8,0.05,40,25,3,0.225,9.777777778,3.081818182,0.901702329
MIL-53,Matrimid 5218,650,1350,,6,0.25,90,35,3,0.260869565,34.5,0.955555556,1.002898551
MIL-125,Matrimid 9725,1750,1040,10.7,5.5,0.15,,35,9,0.133333333,30,2.5,1.44
ZIF-8,PEBAX 1657,275,1029,11.6,3.4,0.2,80,25,1,4,19,2.131578947,0.812030075
MIL-125,Matrimid 9725,150,930,10.7,5.5,0.15,,35,9,0.133333333,30,2,1.616666667
MIL-53,6FDA/ODA-DAM,125,840,7.8,7.8,0.15,61.5,35,11.2,6.4,20.3125,0.869230769,1.390769231
Cu3BTC2,Ultem 1000,1000,1439,,8.6,0.3,42.5,35,3.5,0.031003535,36.77,3.622807018,0.924394887
MMIF,Matrimid 5218,45,420,3.35,3.35,0.2,60,35,4,0.19,35.89473684,1.268328446,0.948749625
MOF-5,PI,3000,2387,7.8,7.8,0.05,40,25,5,0.249,9.236947791,2.656521739,0.845874569
ZIF-8,PEBAX 1657,700,1506,11.6,3.4,0.03,95,35,11,4.1,17.09756098,1.793152639,1.166972352
UiO-66,6FDD,324,537,11,6,0.2,50,35,3,5.3,31.13207547,1.53030303,1.013825758
MOF-5,PI,3000,2387,7.8,7.8,0.05,40,25,4,0.227,9.911894273,2.311111111,0.957339822
[Ni3(HCOO)6],BTDA-TDI/MDI (P84),400,293,4.6,4.6,0.07,,30,5,0.016363636,44,1.458333333,1.431818182
NUS-8,PIM-1-TT,5000,664,6,6,0.05,65,25,1,272.1088435,14.7,2.125,1.217687075
ZIF-71,PIM-1-TT,,996.4,16.5,4.2,0.3,60,35,3.5,322.2,10.22563625,2.542598719,1.093029096
UiO-66,6FDA-DAM,,965,11,6,0.06,125,25,2,35.0877193,28.5,1.15,1.052631579
MOF-5,PI,3000,2387,7.8,7.8,0.05,40,25,2,0.223,9.417040359,3.19047619,1.016394558
UiO-66,PIM-1-TT,30,950,11,6,0.4,1,25,4,206.8965517,14.5,0.666666667,1.655172414
ZIF-8,6FDA-Durene,150,1350,11.6,3.4,0.03,50,25,2,65,22.58923077,1.085200572,0.97026186
UiO-66,6FDA-ODA,50,951,11,6,0.17,100,25,2,0.717948718,39,1.5,1.474358974
ZIF-8,6FDA-Durene,150,1350,11.6,3.4,0.15,50,25,6,68.1,20.05580029,1.386074096,0.984271595
Cu–BPY–HFS,Matrimid 5218,250,2000,8,8,0.2,,35,3.9,0.21,34.71428571,1.374485597,0.780113447
MIL-53,Matrimid 5218,280,1440,8.5,8.5,0.05,,35,3,0.22,28.18181818,1.096774194,1.049088359
UiO-66,Matrimid 9725,150,1147,11,6,0.3,85,35,9,0.189102564,31.2,3.016949153,1.375
ZIF-8,6FDA-durene-PDMC.,,1350,11.6,3.4,0.33,70,35,3.5,30,15.61666667,0.05058698,1.084006708
Cu3BTC2,Matrimid 5218,10000,1071,8.6,8.6,0.3,42.5,35,10,0.556179775,17.8,1.767676768,1.292134831
ZIF-8,Matrimid 5218,,1860,11.6,3.4,0.15,40,35,3.45,0.25884058,34.5,2.799552072,1.017391304
ZIF-8,Matrimid 5218,,350,11.6,3.4,0.15,40,35,3.45,0.25884058,34.5,1.343784994,1.110144928
MOF-5,PI,3000,2387,7.8,7.8,0.05,40,25,3,0.225,9.777777778,2.227272727,1.055023923
MOF-5,PI,3000,2387,7.8,7.8,0.05,40,25,1,0.22,9.318181818,1.687804878,1.149588462
UiO-66,6FDD,324,537,11,6,0.4,50,35,3,5.3,31.13207547,2.427272727,0.952929293
ZIF-8,Matrimid 5218,60,1450,11.6,3.4,0.2,55,22,4,0.23,35.08695652,1.600991326,1.022855569
ZIF-8,PEBAX 1657,700,1506,11.6,3.4,0.02,95,35,11,4.1,17.09756098,1.681883024,1.253767345
UiO-66,PIM-1-TT,30,950,11,6,0.2,1,25,4,206.8965517,14.5,0.766666667,1.586206897
MIL-53,Matrimid 5218,280,1440,8.5,8.5,0.2,,35,3,0.22,28.18181818,2.503225806,0.573655914
Cu3BTC2,ODPA–TMPDA,400,1232,8.6,8.6,0.1,55,35,2,1.628542165,29.29,2.557651992,0.914988051
ZIF-8,Matrimid 5218,,1150,11.6,3.4,0.15,40,35,3.45,0.25884058,34.5,1.56774916,1.057971014
ZIF-7,PEI,55,290,7.5,3,0.05,400,3,2.03,18.9,3.78440367,2.980606061,0.355844535
MIL-53,PVDF,100,782,7.8,7.8,0.05,,25,0.5,0.043,21.27906977,1.209836066,1.083811475
ZIF-8,Matrimid 5218,300,1550,1.16,3.4,0.3,55,35,5,0.355,23.38028169,2.662650602,1.969252008
ZIF-8,PIM-1,40,1350,11.6,3.4,0.11,,35,1,310,24.38888889,1.096810934,0.789703872
ZIF-8,6FDA-Durene/DABA (9/1),80,1350,11.6,3.4,0.15,50,3,10,13.1,19.54198473,1.37109375,1.014764301
ZIF-8,6FDA-HAB DAM,50,1350,11.6,3.4,0.1,60,35,1,2.3,50.86956522,1.641025641,0.857808858
MOF-5,PI,3000,2387,7.8,7.8,0.05,40,25,1,0.22,9.318181818,1.326829268,1.069239703
MIL-53,PSF Udel P-3500,600,1140,8,8,0.4,87.5,35,4,4.897959184,24,2.244897959,0.708333333
MIL-53,6FDA-ODA,125,745,7.8,7.8,0.15,,35,11.2,2.979166667,4.8,1,2.25
ZIF-8,Pebax2533,400,1350,11.6,3.4,0.35,50,25,6,34,,4.324414716,
MOF-5,PI,3000,2387,7.8,7.8,0.05,40,25,5,0.249,9.236947791,2.956521739,0.907736021
ZIF-7,PIM-1-TT,30,351,7.5,3,0.05,85,30,2,368.852459,12.2,0.955555556,1.024590164
MIL-53,PSF Udel P-3500,600,1140,8,8,0.16,87.5,35,4,4.897959184,24,1.204081633,1.375
Co4(μ4-O)(Me2pzba)3,Matrimid 5218,3000,1850,14,6,0.16,75,30,3,0.21,41.42857143,1.218390805,1.421455939
Fe-BTC,Matrimid 5218,50000,1500,8.5,5.5,0.3,61.5,35,5,0.354,25.19774011,1.502242152,1.281430655
UiO-66,6FDA-DAM,50,951,11,6,0.21,125,25,2,35.0877193,28.5,2.38,0.421052632
MIL-53,PSF,1000,1475,,6,0.2,75,35,3,0.211570248,24.2,1.005859375,1.095041322
ZIF-8,P84,30,1821,11.8,3.4,0.31,20,25,3,0.049,54.28571429,7.537593985,0.835615623
UiO-66,PIM-1-TT,150,1150,11,6,0.2,1,25,4,206.8965517,14.5,2.666666667,0.655172414
MIL-53,PI,1000,1475,6,6,0.25,75,35,3,0.236842105,38,0.914444444,0.943421053
MOF-5,PI,3000,2387,7.8,7.8,0.05,40,25,4,0.227,9.911894273,2.422222222,0.782140035
KAUST-7,6FDA-Durene,80,248,4.7,4.7,0.33,50,35,2,31.45833333,24,1.345695364,1.333333333
ZIF-8,6FDA-Durene,50,1500,11.6,3.4,0.15,,30,3.5,66.57,7.030343999,3.132539903,1.610294837
Fe-BTC,PEBAX 1657,200,1500,8.5,5.8,0.25,,25,3,3.84,18.40364583,2.100466959,1.191402234
ZIF-8,PIM-1,40,1350,11.6,3.4,0.28,,35,1,310,24.38888889,3.883826879,0.641365907
UiO-66,6FDA-ODA,50,951,11,6,0.04,100,25,2,0.717948718,39,1,1
ZIF-11,Matrimid 5218,1000,1100,16.5,3,0.3,70,35,4,0.26,16.15384615,7.466666667,2.659360731
ZIF-8,PEGDA,200,1500,11.8,3.4,0.3,125,35,,6.5,20,5.538461538,0.85
MIL-53,Matrimid 5218,125,840,7.8,7.8,0.15,61.5,35,11.2,0.2,31,1.483870968,0.06744868
MIL-53,6FDA/ODA-DAM,125,840,7.8,7.8,0.22,61.5,35,11.2,2.3,23.52173913,0.924214418,0.442852742
ZIF-8,PIM-1,40,1350,11.6,3.4,0.28,,35,1,310,24.38888889,0.972665148,0.897844752
MIL-53,Matrimid 5218,280,1440,8.5,8.5,0.15,,35,3,0.22,28.18181818,2.00483871,1.837768817
ZIF-8,6FDA-Durene,150,1350,11.6,3.4,0.1,50,25,2,65,22.58923077,1.281550092,0.84312506
ZIF-8,PEBAX-1074,90,1500,11.8,3.4,0.3,60,25,3,5.8,11.20689655,3,1.673076923
MOF-5,PEI,55,2387,8.67,8.67,0.05,35,25,3,0.09,18.66666667,1.369047619,1.026785714
UiO-66,Matrimid 9725,,940,11,6,0.3,85,35,9,0.189102564,31.2,3.016949153,1.195512821
ZIF-71,PIM-1-TT,,996.4,16.5,4.2,0.1,60,35,3.5,36.2,34.06629834,1.548248459,1.039825496
ZIF-8,PEBAX 1657,66,1637,11.6,3.4,8,13,30,2,39,3.897435897,1.743421053,3.399671053
ZIF-8,6FDA-durene-PDMC.,,1350,11.6,3.4,0.33,70,35,3.5,30,15.61666667,3.314621131,0.708757191
ZIF-8,Matrimid 5218,,1650,11.6,3.4,0.1,55,33,4.5,0.333333333,33,2,0.939393939
ZIF-8,PIM-1,40,1350,11.6,3.4,0.43,,35,1,310,24.38888889,1.435079727,0.738041002
ZIF-8,Pebax2533,400,1350,11.6,3.4,0.2,50,25,2,42,8.357142857,2.433048433,0.80463019
MIL-53,PMP,110,1440,7.8,7.8,0.2,65,30,2,11.32,8.722614841,1.668827223,2.117839032
Cu3BDC2,PIM-1-TT,27.5,180,5.2,5.2,0.002,0.2,25,1,489,3,0.318983051,3.466666667
ZIF-8,Matrimid 5218,50,1350,11.6,3.4,0.3,40,35,2.6,0.24,41.66666667,1.5,0.923076923
MOF-5,PI,3000,2387,7.8,7.8,0.05,40,25,5,0.249,9.236947791,3.413043478,0.939058371
ZIF-8,6FDA-Durene,150,1350,11.6,3.4,0.15,50,25,2,65,22.58923077,1.321528298,0.797579753
MOF-74,PIM-1-TD,11000,1250,11,11,0.2,50,25,2,536,12.26865672,1.141423358,0.762846533
ZIF-8,PEBAX-1074,90,1500,11.8,3.4,0.05,60,25,3,5.8,11.20689655,1.261538462,1.240156454
MOF-5,PI,3000,2387,7.8,7.8,0.05,40,25,2,0.223,9.417040359,2.142857143,0.901617251
ZIF-8,PEBAX-1074,90,1500,11.8,3.4,0.1,60,25,3,5.8,11.20689655,1.323076923,1.037006237
ZIF-8,Matrimid 5218,60,1450,11.6,3.4,0.3,55,22,4,0.23,35.08695652,3.558859975,0.70563603
ZIF-7,XLPEO,40,417,7.5,3,0.36,100,35,5,4.565217391,23,5.047619048,0.52173913
ZIF-67,PEBAX 1657,300,1465,11.6,3.3,0.02,95,35,11,4.1,17.09756098,1.576319544,1.154091094
UiO-66,Matrimid 5218,350,980,11,6,0.3,100,25,3,0.6,30,2.944444444,1.326666667
Cu3BTC2,Azide-PMP,100,1232,8.6,8.6,0.2,60,30,2,10.5,9.257142857,1.479423868,2.632872986
ZIF-8,Matrimid 5218,,1650,11.6,3.4,0.1,55,33,4.5,0.333333333,33,1.272727273,1.075757576
Cu–BPY–HFS,Matrimid 5218,250,2000,8,8,0.4,,35,3.9,0.21,34.71428571,2.065843621,0.735300272
ZIF-8,PEBAX-1074,90,1500,11.8,3.4,0.05,60,25,3,5.8,11.20689655,1.2,1.054545455
Cu3BTC2,PPO,6000,2262.2,8.6,8.6,0.1,30,30,10,4.394904459,15.7,1.246376812,1.796178344
UiO-66,6FDA-BisP,50,951,11,6,0.21,45,25,2,1,28,5.535714286,0.857142857
sod-ZMOF,Matrimid 5218,2000,33,1.6,9.6,0.1,47.5,30,4,0.15,37.26666667,1.348837209,0.96345515
MMIF,Matrimid 5218,45,420,3.35,3.35,0.1,40,35,4,0.19,35.89473684,1.063049853,1.080104129
ZIF-8,TBDA2-6FDA,45,1250,11.6,3.4,0.3,,35,1,8,35.625,3.705263158,0.570040486
Cu3BTC2,ODPA–TMPDA,400,1232,8.6,8.6,0.2,55,35,2,1.628542165,29.29,3.291404612,0.938886992
ZIF-8,PEBAX 1657,275,1029,11.6,3.4,0.1,80,25,1,4,19,1.276315789,1.021052632
ZIF-8,PEBAX-1074,90,1500,11.8,3.4,0.2,60,25,3,5.8,11.20689655,1.4,1.068421053
ZIF-8,Matrimid 5218,60,1450,11.6,3.4,0.2,55,22,4,0.23,35.08695652,1.605947955,1.191509773
ZIF-8,PEBAX 1657,700,1506,11.6,3.4,0.05,95,35,11,4.1,17.09756098,1.854493581,1.086203383
MIL-53,6FDA/ODA-DAM,125,840,7.8,7.8,0.3,61.5,35,11.2,1.7,18.94117647,1.816770186,1.930318323
ZIF-11,6FDA,1100,350.29,14.6,3,0.3,70,35,4,0.63,32.6984127,3.546116505,0.930855583
ZIF-8,6FDA-Durene,150,1350,11.6,3.4,0.05,50,25,6,68.1,20.05580029,1.158881242,0.963611875
MIL-53,6FDA-ODA,125,745,7.8,7.8,0.3,,35,11.2,2.979166667,4.8,1.013986014,3.25
MOF-5,PI,3000,2387,7.8,7.8,0.05,40,25,4,0.227,9.911894273,1.733333333,1.178043912
ZIF-8,Matrimid 5218,60,1450,11.6,3.4,0.2,55,22,4,0.23,35.08695652,1.087980173,1.087980173
MIL-101,SPEEK,500,3175,19.9,7.5,0.3,65,25,1,75.3968254,7.56,2.105263158,1.603174603
MIL-68,PSF,794,100,6,6,0.04,,35,0.27,0.19,28.42105263,0.87037037,0.972766885
UiO-66,6FDD,324,537,11,6,0.3,50,35,3,5.3,31.13207547,2.047878788,0.952083998
ZIF-8,6FDA-Durene/DABA (9/1),80,1350,11.6,3.4,0.2,50,3,10,13.1,19.54198473,1.53125,1.044759115
UiO-66,6FDA-ODA,200,857,11,6,0.25,30,35,11.2,0.33,43.63636364,3.5,1.05
MIL-53,PMP,110,1440,7.8,7.8,0.15,65,30,2,11.32,8.722614841,1.413408953,1.803809396
MOF-5,PI,3000,2387,7.8,7.8,0.05,40,25,4,0.227,9.911894273,3.044444444,0.953226054
ZIF-8,Pebax2533,400,1350,11.6,3.4,0.15,50,25,2,42,8.357142857,1.635327635,0.738535061
ZIF-71,PIM-1-TT,,996.4,16.5,4.2,0.1,60,35,3.5,322.2,10.22563625,1.2963244,1.106718923
ZIF-7,PEI,40,350,7.5,3,0.05,400,35,2.03,18.9,4.365079365,2.980606061,0.522089477
MIL-53,PI,1000,1475,6,6,0.15,75,35,3,0.236842105,38,0.938888889,1.013157895
UiO-66,Matrimid 5218,350,980,11,6,0.2,100,25,3,0.6,30,2.222222222,1.4
ZIF-7,PIM-1-TT,30,426,7.5,3,0.05,85,30,2,368.852459,12.2,0.988888889,1.06557377
NOTT-300,PEBAX 1657,900,1370,6.5,6.5,0.2,60,25,10,3.8,21.61842105,1.765063907,1.176709272
ZIF-7,XLPEO,70,350,7.5,3,0.28,100,35,5,4.565217391,23,1.285714286,1.586368978
ZIF-8,6FDA-Durene,150,1350,11.6,3.4,0.3,50,25,6,68.1,20.05580029,1.563406062,0.921800458
ZIF-7,XLPEO,70,350,7.5,3,0.17,100,35,5,4.565217391,23,1.19047619,1.293995859
MIL-53,Matrimid 5218,100,1590,8.5,8.5,0.375,55,35,2,0.22,38.18181818,4.761904762,2.380952381
Cu3BTC2,PVDF,15000,626,,,0.1,,25,0.5,0.043,21.27906977,1.750819672,1.711028316
MOF-5,PI,3000,2387,7.8,7.8,0.05,40,25,2,0.223,9.417040359,2.261904762,1.073201621
MOF-5,PI,3000,2387,7.8,7.8,0.05,40,25,2,0.223,9.417040359,3,0.98964497
UiO-66,Matrimid 9725,,873,11,6,0.3,85,35,9,0.189102564,31.2,6.440677966,1.528846154
MOF-5,PI,3000,2387,7.8,7.8,0.05,40,25,4,0.227,9.911894273,2.253333333,0.737041306
Cu3BTC2,PVDF,15000,626,,,0.15,,25,0.5,0.043,21.27906977,2.171584699,2.122230502
MIL-53,6FDA/ODA-DAM,125,840,7.8,7.8,0.1,61.5,35,11.2,2.3,23.52173913,0.946395564,1.20928322
ZIF-8,PEBAX-1074,90,1500,11.8,3.4,0.2,60,25,3,5.8,11.20689655,2.538461538,1.600334448
MOF-74,PIM-1-TD,11000,1250,11,11,0.2,50,25,2,536,12.26865672,3.234336983,1.556198046
[Ni3(HCOO)6],BTDA-TDI/MDI (P84),400,293,4.6,4.6,0.15,,30,5,0.016363636,44,1.75,1.522727273
ZIF-71,6FDA-Durene,100,679,16.5,4.2,0.2,,35,3.5,58.6,14.70858896,4.177267987,0.86738176
MIL-101,6FDA-mPD,250,2770,12,12,0.16,,35,3,0.185185185,54,2.9,1
Cu3BTC2,Azide-PMP,100,1232,8.6,8.6,0.15,60,30,2,10.5,9.257142857,1.279835391,2.44332211
ZIF-8,6FDA-Durene,150,1350,11.6,3.4,0.2,50,25,2,65,22.58923077,1.380916706,0.7486204
ZIF-8,PVC-g-POEM,250,1350,11.6,3.4,0.1,,35,1,2.4,18.125,4.84137931,0.790429275
UiO-66,6FDA-BisP,50,951,11,6,0.08,45,25,2,1,28,2.857142857,1.303571429
UiO-66,6FDA-ODA,50,951,11,6,0.21,100,25,2,0.717948718,39,2.571428571,0.31025641
MIL-53,Matrimid 5218,280,1440,8.5,8.5,0.1,,35,3,0.22,28.18181818,1.201612903,1.101478495
UiO-66,6FDA-DAM,50,951,11,6,0.04,45,25,2,33.89830508,29.5,1.29,1.030508475
Cu3BTC2,ODPA–TMPDA,400,1232,8.6,8.6,0.15,55,35,2,1.628542165,29.29,2.578616352,0.914988051
MIL-53,PVDF,100,782,7.8,7.8,0.1,,25,0.5,0.043,21.27906977,1.536612022,1.223598462
NOTT-300,PEBAX 1657,900,1370,6.5,6.5,0.3,60,25,10,3.8,21.61842105,3.213633597,1.29225478
MOF-5,PI,3000,2387,7.8,7.8,0.05,40,25,1,0.22,9.318181818,1.985365854,0.762269612
MIL-53,Matrimid 5218,125,1440,8.5,8.5,0.15,61.5,35,11.2,0.2,31,1.080645161,0.304407088
MOF-5,PI,3000,2387,7.8,7.8,0.05,40,25,3,0.225,9.777777778,3.181818182,0.909668476
ZIF-7,XLPEO,40,417,7.5,3,0.3,100,35,5,4.565217391,23,2.047619048,2.434782609
ZIF-8,Matrimid 5218,300,1550,1.16,3.4,0.2,55,35,5,0.355,23.38028169,2.144578313,1.834518798
MOF-5,PI,3000,2387,7.8,7.8,0.05,40,25,2,0.223,9.417040359,1.852380952,0.913895912
Cu3BTC2,ODPA–TMPDA,400,1232,8.6,8.6,0.1,55,35,2,0.202666667,37.5,2.026315789,1.013333333
ZIF-8,Matrimid 5218,120,1350,11.6,3.4,0.2,,35,5,0.24,33.33333333,2.3125,1.85
ZIF-8,Matrimid 5218,50,1350,11.6,3.4,0.2,40,35,2.6,0.24,41.66666667,0.8,1.066666667
UiO-66,6FDA-DAM,50,951,11,6,0.14,125,25,2,35.0877193,28.5,2.05,1.070175439
MOF-5,Matrimid 5218,100,3000,11,11,0.3,35,35,2,0.22,40.90909091,2.244444444,1.097283951
MOF-5,PI,3000,2387,7.8,7.8,0.05,40,25,1,0.22,9.318181818,2.804878049,0.977928955
ZIF-8,Matrimid 5218,50,1350,11.6,3.4,0.4,40,35,2.6,0.24,41.66666667,2.6,0.701123596
MIL-53,PSF,1000,1475,,6,0.25,75,35,3,0.211570248,24.2,1.07421875,1.165289256
ZIF-71,6FDA-Durene,100,679,16.5,4.2,0.1,,35,3.5,58.6,14.70858896,1.882168926,1.014193504
Fe-BTC,PEBAX 1657,200,1500,8.5,5.8,0.1,,25,3,3.84,18.40364583,1.164850715,1.052476881
ZIF-8,Pebax2533,400,1350,11.6,3.4,0.35,50,25,2,42,8.357142857,3.666666667,4.529411765
ZIF-11,Matrimid 5218,1000,1100,16.5,3,0.4,70,35,4,0.26,16.15384615,2.380952381,4.126984127
ZIF-8,6FDA-HAB DAM,50,1350,11.6,3.4,0.2,60,35,1,2.3,50.86956522,1.914529915,0.721871935
ZIF-108,P84,,384,16.4,5.5,0.05,,30,3,0.098066298,72.4,4.126760563,0.98480663
ZIF-8,Matrimid 5218,60,1450,11.6,3.4,0.2,55,22,4,0.23,35.08695652,2.060718711,1.030359356
MOF-5,PI,3000,2387,7.8,7.8,0.05,40,25,5,0.249,9.236947791,3.108695652,1.048868858
ZIF-8,Matrimid 5218,50,1350,11.6,3.4,0.5,40,35,2.6,0.24,41.66666667,0.5,2.4
Cu3BTC2,ODPA–TMPDA,400,1232,8.6,8.6,0.5,55,35,2,1.628542165,29.29,10.33542977,0.35506999
MOF-5,PI,3000,2387,7.8,7.8,0.05,40,25,3,0.225,9.777777778,1.877272727,0.88736631
ZIF-8,PEBAX 1657,250,698,11.6,3.4,0.2,80,25,1,4,19,1.973684211,1.096491228
MOF-5,PI,3000,2387,7.8,7.8,0.05,40,25,4,0.227,9.911894273,1.697777778,1.185832479
ZIF-8,PEBAX 1657,250,698,11.6,3.4,0.1,80,25,1,4,19,1.210526316,1.729323308
UiO-66,6FDA-DAM,,913,11,6,0.24,125,25,2,35.0877193,28.5,1.45,0.807017544
ZIF-8,Pebax2533,400,1350,11.6,3.4,0.1,50,25,2,42,8.357142857,1.216524217,1.021880342
Cu3BTC2,Ultem 1000,1000,1439,8.6,8.6,0.2,42.5,35,3.5,0.031003535,36.77,2.087719298,1.025292358
ZIF-8,6FDA-Durene/DABA (9/1),80,1350,11.6,3.4,0.4,50,3,10,13.1,19.54198473,3.04296875,1.065852691
ZIF-8,Matrimid 5218,120,1350,11.6,3.4,0.1,,35,5,0.24,33.33333333,1.5625,1.5
MIL-53,FDH,100,1400,8.5,8.5,0.1,,35,11.2,3,18.03333333,1.134935305,0.873027158
ZIF-8,PIM-1,40,1350,11.6,3.4,0.43,,35,1,310,24.38888889,4.407744875,0.450792089
MOF-5,PI,3000,2387,7.8,7.8,0.05,40,25,3,0.225,9.777777778,1.913636364,0.875138581
MIL-53,PMP,110,1440,7.8,7.8,0.05,65,30,2,11.32,8.722614841,1.086894875,1.359519336
ZIF-8,6FDA-Durene,150,1350,11.6,3.4,0.07,50,25,2,65,22.58923077,1.207859429,0.860864725
UiO-66,6FDA-DAM,,913,11,6,0.16,125,25,2,35.0877193,28.5,1.25,1.122807018
Fe-BTC,Matrimid 5218,50000,1500,8.5,5.5,0.2,61.5,35,5,0.354,25.19774011,1.170403587,1.070601731
ZIF-7,PIM-1-TT,30,426,7.5,3,0.2,85,30,2,368.852459,12.2,0.633333333,1.721311475
MOF-5,PI,3000,2387,7.8,7.8,0.05,40,25,4,0.227,9.911894273,2.177777778,0.890730731
ZIF-67,PIM-1-TT,300,1481,11.6,3.4,0.2,85,30,2,360,6.2,1.568181818,1.903225806
Cu3BTC2,Ultem 1000,1000,1439,8.6,8.6,0.4,42.5,35,3.5,0.031003535,36.77,10.04385965,0.579276584
HKUST-1,6FDA-ODA,15000,809,9.5,3.5,0.25,30,35,11.2,0.33,43.63636364,1.513888889,1.161821705
MOF-5,PI,3000,2387,7.8,7.8,0.05,40,25,3,0.225,9.777777778,3.095454545,0.783439002
MOF-5,Matrimid 5218,100,3000,11,11,0.2,35,35,2,0.22,40.90909091,1.533333333,0.992156863
UiO-66,6FDA-DAM,,913,11,6,0.06,125,25,2,35.0877193,28.5,1.17,1.087719298
ZIF-8,6FDA-Durene,50,1500,11.6,3.4,0.2,,30,3.5,66.57,7.030343999,3.125488772,1.275682327
MOF-5,PI,3000,2387,7.8,7.8,0.05,40,25,1,0.22,9.318181818,1.848780488,1.004275821
ZIF-8,6FDA-HAB DAM-5,50,1350,11.6,3.4,0.1,60,35,1,6.9,33.76811594,1.532188841,0.997368208
Cu3BTC2,ODPA–TMPDA,400,1232,8.6,8.6,0.1,55,35,2,1.628542165,29.29,2.473794549,0.904745647
MIL-53,PMP,110,1440,7.8,7.8,0.3,65,30,2,11.32,8.722614841,2.292586591,2.564434803
ZIF-8,TBDA2-6FDA,45,1250,11.6,3.4,0.2,,35,1,8,35.625,3.143859649,0.598830409
MOF-5,PI,3000,2387,7.8,7.8,0.05,40,25,5,0.249,9.236947791,1.87826087,0.728484356
UiO-66,6FDA-DAM,,913,11,6,0.11,125,25,2,35.0877193,28.5,1.2,1.105263158
MIL-53,Matrimid 5218,650,1350,,6,0.08,55,35,3,0.260869565,34.5,0.877777778,1.101449275
MIL-68,PSF,1040,100,6,6,0.08,,35,0.27,0.19,28.42105263,0.87037037,0.826851852
MOF-5,PI,3000,2387,7.8,7.8,0.05,40,25,2,0.223,9.417040359,1.666666667,1.230684327
ZIF-7,Matrimid 5218,,1100,11.6,3.4,0.15,40,35,3.45,0.25884058,34.5,2.239641657,1.043478261
ZIF-7,PEBAX 1657,35,1100,7.5,3,0.08,0.498,20,3.5,5.142857143,14,2.013888889,1.642857143
MIL-53,PSF Udel P-3500,600,1140,8,8,0.25,87.5,35,4,4.897959184,24,1.326530612,1.916666667
NUS-8,PIM-1-TT,5000,664,6,6,0.01,65,25,1,272.1088435,14.7,1.3,1.714285714
MIL-101,SPEEK,500,1372,19.9,6.61,0.2,65,25,1,75.3968254,7.56,2.736842105,1.12962963
ZIF-8,TBDA2-6FDA,45,1250,11.6,3.4,0.07,,35,1,8,35.625,1.333333333,0.711111111
ZIF-8,TBDA2-6FDA,45,1250,11.6,3.4,0.07,,35,1,8,35.625,1.964912281,0.748538012
MIL-101,SPEEK,500,3175,19.9,7.5,0.1,65,25,1,75.3968254,7.56,1.122807018,1.177248677
MOF–74,PVAc,3000,325,11,11,0.05,60,35,6,0.07,10.14285714,1.211267606,1.211267606
Cu3BTC2,PPO,13000,1791.5,8.6,8.6,0.1,30,30,10,4.394904459,15.7,1.231884058,1.49044586
ZIF-7,PEI,40,350,7.5,3,0.05,400,35,2.03,18.9,4.365079365,0.784242424,2.964436364
NUS-8,PIM-1-TT,5000,664,6,6,0.02,65,25,1,272.1088435,14.7,1.625,2.047619048
ZIF-90,6FDA-TP,79,1426,11.2,3.5,0.2,58.5,35,,0.5,40,1.45,1.035714286
MIL-101,SPEEK,500,1372,19.9,6.61,0.3,65,25,1,75.3968254,7.56,3.438596491,1.253968254
UiO-66,PIM-1-TT,30,950,11,6,0.3,1,25,4,206.8965517,14.5,0.733333333,1.551724138
ZIF-11,Pebax2533,2500,350.29,14.6,3,0.7,150,20,2,26,38.33333333,1.760869565,0.81270903
MIL-53,6FDA-ODA,125,745,7.8,7.8,0.2,,35,11.2,2.979166667,4.8,1.006993007,2.458333333
MIL-53,FDH,100,795,7.8,7.8,0.15,,35,11.2,3,18.03333333,0.863216266,3.237060998
MIL-53,Matrimid 5218,200,1200,8.5,8.5,0.1,55,35,5,0.355,23.38028169,1.56626506,1.502767828
MOF-5,PI,3000,2387,7.8,7.8,0.05,40,25,5,0.249,9.236947791,2.608695652,0.83277592
TKL-107,Matrimid 5218,,1454,6,6,0.05,65,25,2,0.209366391,36.3,1.178947368,1.212121212
Cu3BTC2,PPO,50000,1669.1,8.6,8.6,0.1,30,30,10,4.394904459,15.7,1.094202899,0.872611465
MOF–74,PVAc,3000,325,11,11,0.2,60,35,6,0.07,10.14285714,3.408450704,2.169014085
NUS-8,PIM-1-TT,5000,664,6,6,0.005,65,25,1,272.1088435,14.7,1.2,1.19047619
ZIF-8,6FDA-HAB DAM-7,50,1350,11.6,3.4,0.2,60,35,1,12.7,23.93700787,1.190789474,1.338320913
Ni2(dobdc),matrimid ,17.5,1400,7.6,7.6,0.23,,25,1,0.276811594,34.5,0.97486911,0.855072464
MIL-53,FDH,100,1400,8.5,8.5,0.15,,35,11.2,3,18.03333333,1.314232902,0.838872065
ZIF-11,Pebax2533,2500,350.29,14.6,3,0.5,150,20,2,26,38.33333333,1,1.2
MIL-53,6FDA/ODA-DAM,125,840,7.8,7.8,0.1,61.5,35,11.2,6.4,20.3125,0.861538462,1.225299145
KAUST-7,6FDA-Durene,80,248,4.7,4.7,0.33,50,35,2,31.45833333,24,1.655629139,2.583333333
ZIF-8,PEGDA-co-PEGMEA,200,1500,11.8,3.4,0.1,125,35,,19,17.36842105,1.696969697,1.111807732
MIL-53,6FDA/ODA-DAM,125,840,7.8,7.8,0.2,61.5,35,11.2,6.4,20.3125,0.884615385,0.69043152
ZIF-8,PEBAX 1657,250,698,11.6,3.4,0.15,80,25,1,4,19,1.644736842,1.315789474
ZIF-108,P84,,384,16.4,5.5,0.1,,30,3,0.098066298,72.4,5.76056338,2.403314917
MOF-5,PI,3000,2387,7.8,7.8,0.05,40,25,5,0.249,9.236947791,3.382608696,0.938985023
UiO-66,6FDA-BisP,50,951,11,6,0.14,45,25,2,1,28,3.714285714,1.5
MOF-5,PI,3000,2387,7.8,7.8,0.05,40,25,5,0.249,9.236947791,2.317391304,0.88773913
Cu3BTC2,PVDF,15000,626,,,0.05,,25,0.5,0.043,21.27906977,1.230601093,1.175907711
Fe-BTC,PEBAX 1657,200,1500,8.5,5.8,0.2,,25,3,3.84,18.40364583,1.391255129,1.205963814
ZIF-8,PEGDA,200,1500,11.8,3.4,0.5,125,35,,6.5,20,10,0.6
MOF-5,PI,3000,2387,7.8,7.8,0.05,40,25,4,0.227,9.911894273,2.408888889,0.781168254
Cu3BTC2,PVDF,15000,1066,9,3.5,0.15,,25,0.5,0.043,21.27906977,3.503825137,3.503825137
MIL-53,6FDA-ODA,125,745,7.8,7.8,0.1,,35,11.2,2.979166667,4.8,0.993006993,2.145833333
MOF-5,PEI,55,2387,8.67,8.67,0.15,35,25,3,0.09,18.66666667,1.910714286,1.146428571
MIL-53,6FDA/ODA-DAM,125,840,7.8,7.8,0.2,61.5,35,11.2,1.7,18.94117647,1.624223602,1.314847678
UiO-66,PMMA,100,1500,11,6,0.21,150,24,4,0.008,68.75,2.054545455,0.898161947
UiO-66,6FDA-DAM,50,951,11,6,0.04,125,25,2,35.0877193,28.5,1.28,1.031578947
MIL-125,PSF,650,1300,10.7,6,0.2,10,30,3,0.431818182,22,3.084210526,1.340909091
ZIF-8,Pebax2533,400,1350,11.6,3.4,0.2,50,25,6,34,8.794117647,2.819397993,0.743097146
MIL-53,PSF Udel P-3500,600,1140,8,8,0.08,87.5,35,4,4.897959184,24,1.020408163,1.208333333
ZIF-67,PEBAX 1657,300,1465,11.6,3.3,0.04,95,35,11,4.1,17.09756098,2.282453638,1.613458606
ZIF-8,Matrimid 5218,,1650,11.6,3.4,0.25,55,33,4.5,0.333333333,33,2.181818182,1.181818182
ZIF-108,P84,,384,16.4,5.5,0.59,,30,3,0.098066298,72.4,23.23943662,0.008977901
MIL-53,PVDF,100,1170,8.5,8.5,0.1,,25,0.5,0.043,21.27906977,1.69726776,0.986250185
Cu3BTC2,Azide-PMP,100,1232,8.6,8.6,0.05,60,30,2,10.5,9.257142857,0.908436214,1.834342355
UiO-66,6FDA-DAM,50,951,11,6,0.08,125,25,2,35.0877193,28.5,1.9,1.122807018
ZIF-8,6FDA-Durene/DABA (9/1),80,1350,11.6,3.4,0.3,50,3,10,13.1,19.54198473,2.3515625,1.020048634
ZIF-11,Pebax2533,2500,350.29,14.6,3,0.3,150,20,2,26,38.33333333,0.782608696,1.235697941
ZIF-8,6FDA-Durene/DABA (9/1),80,1350,11.6,3.4,0.05,50,3,10,13.1,19.54198473,1.01953125,1.011807528
Cu3BTC2,PEBAX 1657,,644,8.6,8.6,0.15,75,30,0.3,5.12,16.4453125,1.605700713,1.434762242
KAUST-7,6FDA-Durene,80,248,4.7,4.7,0.33,50,35,2,31.45833333,24,1.483443709,2.229166667
ZIF-67,PIM-1-TT,300,1481,11.6,3.4,0.05,85,30,2,360,6.2,1.136363636,1.225806452
Cu3BDC2,PIM-1-TT,27.5,180,5.2,5.2,0.15,0.2,25,1,489,3,0.272090395,3.733333333
MIL-53,6FDA/ODA-DAM,125,840,7.8,7.8,0.35,61.5,35,11.2,1.7,18.94117647,2.043478261,1.447463768
MOF-74,PIM-1-TD,11000,1250,11,11,0.15,50,25,2,536,12.26865672,2.290754258,1.417834044
ZIF-7,PIM-1-TT,30,351,7.5,3,0.3,85,30,2,368.852459,12.2,1.311111111,0.62295082
MIL-53,PMP,110,1440,7.8,7.8,0.25,65,30,2,11.32,8.722614841,2.060360543,2.313817594
MOF-5,PI,3000,2387,7.8,7.8,0.05,40,25,5,0.249,9.236947791,2.217391304,0.886244679
sod-ZMOF,Matrimid 5218,2000,33,1.6,9.6,0.2,47.5,30,4,0.15,37.26666667,2.177101968,0.882608906
MOF-5,PI,3000,2387,7.8,7.8,0.05,40,25,4,0.227,9.911894273,3.155555556,0.884334705
MIL-53,FDH,100,795,7.8,7.8,0.2,,35,11.2,3,18.03333333,0.818853974,1.535351201
MIL-53,Matrimid 5218,200,1200,8.5,8.5,0.3,55,35,5,0.355,23.38028169,2.469879518,2.277421374
ZIF-8,PIM-1,40,1350,11.6,3.4,0.36,,35,1,310,24.38888889,1.553530752,0.735882988
MOP-18,Matrimid 5218,5000,,15,10,0.44,74,35,2.6,0.22,33.31818182,2.129604366,0.493171537
MIL-53,6FDA-ODA,125,745,7.8,7.8,0.36,,35,11.2,2.979166667,4.8,1.031468531,2.145833333
MIL-101,Matrimid 5218/PVDF(3%),,2730,19.9,12,0.1,,35,7,0.22,42.81818182,1.578556263,1.447009908
ZIF-8,PEBAX 1657,66,1637,11.6,3.4,8,13,30,2,22,6.454545455,1.753521127,2.030392884
Cu3BTC2,PVDF,15000,1066,9,3.5,0.1,,25,0.5,0.043,21.27906977,2.187978142,1.960063752
ZIF-7,XLPEO,40,417,7.5,3,0.09,100,35,5,4.565217391,23,1.428571429,1.391304348
ZIF-71,PIM-1-TT,,996.4,16.5,4.2,0.3,60,35,3.5,36.2,34.06629834,2.804573467,1.045577338
Cu3BTC2,PVDF,15000,1066,9,3.5,0.05,,25,0.5,0.043,21.27906977,1.166120219,1.166120219
ZIF-71,6FDA-Durene,100,679,16.5,4.2,0.3,,35,3.5,58.6,14.70858896,8.081334724,0.780597073
UiO-66,6FDA-ODA,50,951,11,6,0.08,100,25,2,0.717948718,39,1.339285714,1.358974359
MIL-125,Matrimid 9725,150,930,10.7,5.5,0.1,,35,9,0.133333333,30,1.875,1.483333333
ZIF-67,PIM-1-TT,300,1481,11.6,3.4,0.1,85,30,2,360,6.2,1.227272727,1.290322581
ZIF-8,Pebax2533,400,1350,11.6,3.4,0.15,50,25,6,34,8.794117647,1.698996656,0.614530705
ZIF-8,PEBAX 1657,700,1506,11.6,3.4,0.04,95,35,11,4.1,17.09756098,1.831669044,1.155360474
MMIF,Matrimid 5218,45,420,3.35,3.35,0.1,,35,4,0.19,35.89473684,1.187683284,1.074570591
ZIF-67,PEBAX 1657,300,1465,11.6,3.3,0.05,95,35,11,4.1,17.09756098,2.310984308,1.457697794
ZIF-8,PPEES,4900,1550,11.8,3.4,0.3,,30,1,0.3,25,10,0.952380952
ZIF-7,PEI,55,350,7.5,3,0.05,400,3,2.03,18.9,3.78440367,0.784242424,4.49907496
ZIF-8,PEBAX-1074,90,1500,11.8,3.4,0.1,60,25,3,5.8,11.20689655,1.815384615,1.482990249
Fe-BTC,PEBAX 1657,200,1500,8.5,5.8,0.4,,25,3,3.84,18.40364583,6.019527381,0.668063154
Cu3BTC2,ODPA–TMPDA,400,1232,8.6,8.6,0.4,55,35,2,1.628542165,29.29,5.465408805,0.947422328
MIL-101,6FDA-mPD,250,2770,12,12,0.24,,35,3,0.185185185,54,5,0.925925926
ZIF-8,6FDA-HAB DAM-5,50,1350,11.6,3.4,0.2,60,35,1,6.9,33.76811594,1.223175966,1.041964711
Cu–BPY–HFS,Matrimid 5218,250,2000,8,8,0.1,,35,3.9,0.21,34.71428571,1.07133059,0.937414266
Ni2(dobdc),6FDA-DAM,17.5,1400,7.6,7.6,0.23,,25,1,27.70053476,18.7,1.38030888,0.77540107
UiO-66,PMMA,100,1500,11,6,0.15,150,24,4,0.008,68.75,1.490909091,1.217068646
ZIF-7,XLPEO,40,417,7.5,3,0.18,100,35,5,4.565217391,23,1.571428571,1.608695652
ZIF-7,PIM-1-TT,30,426,7.5,3,0.1,85,30,2,368.852459,12.2,0.788888889,1.327868852
Co4(μ4-O)(Me2pzba)3,Matrimid 5218,3000,1850,14,6,0.08,66,30,3,0.21,41.42857143,1.114942529,1.377281947
MOF-5,PI,3000,2387,7.8,7.8,0.05,40,25,2,0.223,9.417040359,1.785714286,1.225274725
UiO-66,PIM-1-TT,30,950,11,6,0.1,1,25,4,206.8965517,14.5,0.95,1.931034483
MIL-53,6FDA/ODA-DAM,125,840,7.8,7.8,0.15,61.5,35,11.2,1.7,18.94117647,1.549689441,1.097696687
UiO-66,6FDA-BisP,50,951,11,6,0.04,45,25,2,1,28,2.214285714,1.267857143
Cu3BTC2,ODPA–TMPDA,400,1232,8.6,8.6,0.1,55,35,2,0.214285714,37.8,3.061728395,1
MOF-5,PI,3000,2387,7.8,7.8,0.05,40,25,1,0.22,9.318181818,2.668292683,0.931784746
MOF-5,PI,3000,2387,7.8,7.8,0.05,40,25,2,0.223,9.417040359,2.152380952,0.854058634
UiO-66,PMMA,100,1500,11,6,0.11,150,24,4,0.008,68.75,1.327272727,1.249197861
MIL-125,Matrimid 9725,150,930,10.7,5.5,0.3,,35,9,0.133333333,30,6.625,1.263333333
ZIF-7,XLPEO,70,350,7.5,3,0.37,100,35,5,4.565217391,23,3.685714286,0.434782609
MOF-5,PI,3000,2387,7.8,7.8,0.05,40,25,4,0.227,9.911894273,2.186666667,0.975193189
MOF-5,PI,3000,2387,7.8,7.8,0.05,40,25,5,0.249,9.236947791,1.717391304,1.303751326
MIL-125,Matrimid 9725,150,930,10.7,5.5,0.05,,35,9,0.133333333,30,1.5,1.133333333
MIL-68,PSF,1016,100,6,6,0.08,,35,0.27,0.19,28.42105263,1.12962963,0.933172303
ZIF-8,6FDA-HAB DAM-9,50,1350,11.6,3.4,0.2,60,35,1,18.4,22.44565217,2.292978208,0.974383349
MOF-5,PI,3000,2387,7.8,7.8,0.05,40,25,4,0.227,9.911894273,3.191111111,0.88990445
ZIF-8,PEBAX-1074,90,1500,11.8,3.4,0.3,60,25,3,5.8,11.20689655,1.523076923,1.077298311
MIL-53,PMP,110,1440,7.8,7.8,0.1,65,30,2,11.32,8.722614841,1.202552157,1.443572685
ZIF-8,PEBAX 1657,275,1029,11.6,3.4,0.15,80,25,1,4,19,1.644736842,0.96749226
ZIF-8,PEBAX 1657,44,1792,11.6,3.4,32,13,30,2,22,6.454545455,1.767605634,2.430457746
KAUST-7,6FDA-Durene,80,248,4.7,4.7,0.11,50,35,2,31.45833333,24,1.185430464,1.1875
ZIF-71,PIM-1-TT,,996.4,16.5,4.2,0.2,60,35,3.5,36.2,34.06629834,2.064304249,1.036446794
MIL-53,6FDA-ODA,125,745,7.8,7.8,0.32,,35,11.2,2.979166667,4.8,1.027972028,3.583333333
ZIF-8,Matrimid 5218,60,1450,11.6,3.4,0.2,55,22,4,0.23,35.08695652,2.447335812,0.531025695
MIL-125,Matrimid 9725,1750,1040,10.7,5.5,0.1,,35,9,0.133333333,30,1.625,1.433333333
ZIF-11,6FDA,1100,350.29,14.6,3,0.1,70,35,4,0.63,32.6984127,5.325242718,0.958543689
MIL-53,PI,1000,1475,6,6,0.2,75,35,3,0.236842105,38,0.946,1.163157895
Cu3BTC2,ODPA–TMPDA,400,1232,8.6,8.6,0.3,55,35,2,1.628542165,29.29,3.983228512,0.901331512
MIL-53,Matrimid 5218,650,1350,,6,0.15,55,35,3,0.260869565,34.5,0.977777778,1.092753623
MOF-5,PI,3000,2387,7.8,7.8,0.05,40,25,3,0.225,9.777777778,2.263636364,0.846043491
Ni2(dobdc),6FDA-DAT,17.5,1400,7.6,7.6,0.15,,25,1,1.113772455,50.1,1.14516129,1.035928144
ZIF-8,Matrimid 5218,300,1550,1.16,3.4,0.1,55,35,5,0.355,23.38028169,1.927710843,1.966486636
UiO-66,Matrimid 9725,,892,11,6,0.3,85,35,9,0.189102564,31.2,2.949152542,1.259615385
MIL-53,6FDA/ODA-DAM,125,1440,8.5,8.5,0.2,61.5,35,11.2,2.3,23.52173913,1.136783734,0.544708872
Cu3BTC2,Ultem 1000,1000,1439,8.6,8.6,0.1,42.5,35,3.5,0.031003535,36.77,1.359649123,1.087843351
Cu–BPY–HFS,Matrimid 5218,250,2000,8,8,0.3,,35,3.9,0.21,34.71428571,1.421124829,0.785358458
[Ni3(HCOO)6],BTDA-TDI/MDI (P84),400,293,4.6,4.6,0.25,,30,5,0.016363636,44,1.986111111,0.986363636
ZIF-8,PEBAX 1657,151,1315,11.6,3.4,2,13,30,2,22,6.454545455,1.584507042,1.936619718
Cu3BTC2,Matrimid 5218,10000,1071,8.6,8.6,0.2,42.5,35,10,0.556179775,17.8,1.636363636,1.247191011
ZIF-8,Matrimid 5218,50,1350,11.6,3.4,0.6,40,35,2.6,0.24,41.66666667,0.8,2.133333333
ZIF-8,Matrimid 5218,120,1350,11.6,3.4,0.4,,35,5,0.24,33.33333333,5.625,1.285714286
Cu3BTC2,Matrimid 5218,10000,1600,12,3.4,0.1,55,35,5,0.355,23.38028169,1.421686747,2.018795181
MOF-5,PI,3000,2387,7.8,7.8,0.05,40,25,1,0.22,9.318181818,2.073170732,0.894308943
MIL-53,Matrimid 5218,650,1350,,6,0.25,55,35,3,0.260869565,34.5,1.611111111,1.043478261
Cu3BTC2,Matrimid 5218,10000,1600,12,3.4,0.3,55,35,5,0.355,23.38028169,1.674698795,2.12327883
MIL-53,6FDA/ODA-DAM,125,840,7.8,7.8,0.25,61.5,35,11.2,1.7,18.94117647,1.711180124,1.616114562
Fe-BTC,PEBAX 1657,200,1500,8.5,5.8,0.3,,25,3,3.84,18.40364583,5.698174614,1.168856331
MOF-5,PI,3000,2387,7.8,7.8,0.05,40,25,3,0.225,9.777777778,2.295454545,0.849469199
Cu3BTC2,Azide-PMP,100,1232,8.6,8.6,0.1,60,30,2,10.5,9.257142857,1.054526749,2.089156767
ZIF-8,6FDA-Durene,150,1350,11.6,3.4,0.2,50,25,6,68.1,20.05580029,1.445965734,0.9625637
MOF-5,PI,3000,2387,7.8,7.8,0.05,40,25,2,0.223,9.417040359,2.904761905,1.056707838
Cu3BTC2,ODPA–TMPDA,400,1232,,8.6,0.1,55,35,2,1.628542165,29.29,2.452830189,0.897917378
MOF-5,PI,3000,2387,7.8,7.8,0.05,40,25,5,0.249,9.236947791,2.343478261,0.951918576
MIL-101,PSF,1000,519,19.9,12,0.08,75,35,3,0.211570248,24.2,1.07421875,0.980991736
ZIF-8,Matrimid 5218,,1650,11.6,3.4,0.25,55,33,4.5,0.333333333,33,4.318181818,0.96969697
T-MOF-5,PEI,90,1280,6.3,6.3,0.25,35,25,6,0.09,18.88888889,1.764705882,1.323529412
UiO-66,6FDA-DAM,,965,11,6,0.1,125,25,2,35.0877193,28.5,1.17,1.087719298
NOTT-300,PEBAX 1657,900,1370,6.5,6.5,0.4,60,25,10,3.8,21.61842105,4.808277541,1.691801357
MOF-5,PI,3000,2387,7.8,7.8,0.05,40,25,1,0.22,9.318181818,2.731707317,1.190050712
UiO-66,Matrimid 5218,350,1200,11,6,0.1,100,25,3,0.6,30,2.944444444,1.41
MIL-101,SPEEK,500,1372,19.9,6.61,0.4,65,25,1,75.3968254,7.56,4.368421053,1.455026455
MOF-5,PI,3000,2387,7.8,7.8,0.05,40,25,2,0.223,9.417040359,2.238095238,1.066442816
ZIF-8,Pebax2533,400,1350,11.6,3.4,0.05,50,25,2,42,8.357142857,1.03988604,0.970560304
UiO-66,6FDA-DAM,50,951,11,6,0.23,45,25,2,33.89830508,29.5,2.38,0.406779661
MIL-101,6FDA-mPD,250,2770,12,12,0.08,,35,3,0.185185185,54,1.4,0.981481481
ZIF-7,PIM-1-TT,30,351,7.5,3,0.1,85,30,2,368.852459,12.2,0.766666667,1.18852459
UiO-66,6FDA-ODA,200,826,11,6,0.25,30,35,11.2,0.33,43.63636364,0.951388889,1.162808642
ZIF-8,TBDA2-6FDA,45,1250,11.6,3.4,0.3,,35,1,8,35.625,5.042105263,0.438443936
ZIF-7,XLPEO,70,350,7.5,3,0.1,100,35,5,4.565217391,23,1.095238095,1.086956522
ZIF-11,Matrimid 5218,1000,1100,16.5,3,0.1,70,35,4,0.26,16.15384615,1.607142857,1.4408867
UiO-66,PMMA,,965,11,6,0.28,150,24,4,0.008,68.75,2.036363636,2.088578089
Cu3BTC2,ODPA–TMPDA,400,1232,8.6,8.6,0.1,55,35,2,1.628542165,29.29,1.823899371,0.928644589
ZIF-8,PEBAX 1657,275,1029,11.6,3.4,0.25,80,25,1,4,19,2.697368421,0.829959514
MOF-5,PI,3000,2387,7.8,7.8,0.05,40,25,2,0.223,9.417040359,1.904761905,0.935598909
UiO-66,6FDA-DAM,,965,11,6,0.22,125,25,2,35.0877193,28.5,1.55,0.736842105
MOF-5,PI,3000,2387,7.8,7.8,0.05,40,25,4,0.227,9.911894273,3.2,0.894581281
ZIF-108,P84,,384,16.4,5.5,0.16,,30,3,0.098066298,72.4,14.36619718,0.878453039
MIL-101,SPEEK,500,3175,19.9,7.5,0.4,65,25,1,75.3968254,7.56,2.543859649,1.777777778
ZIF-8,Matrimid 5218,120,1350,11.6,3.4,0.3,,35,5,0.24,33.33333333,3.25,1.733333333
MOF–74,PVAc,3000,402,11,11,0.2,60,35,6,0.07,10.14285714,6.61971831,2.438843588
Ni2(dobdc),6FDA-DAM:DAT,17.5,1400,7.6,7.6,0.18,,25,1,6.102236422,31.3,1.151832461,0.974440895
MOF-5,PI,3000,2387,7.8,7.8,0.05,40,25,4,0.227,9.911894273,2.364444444,0.811995293
MOF-5,PI,3000,2387,7.8,7.8,0.05,40,25,1,0.22,9.318181818,2.658536585,0.938809067
TKL-107,Matrimid 5218,,1454,6,6,0.3,65,25,2,0.209366391,36.3,3.421052632,1.347107438
MIL-53,Matrimid 5218,100,1118,8.5,8.5,0.375,55,35,2,0.22,38.18181818,6.19047619,1.238095238
MOP-18,Matrimid 5218,5000,,15,10,0.23,22,35,2.6,0.22,33.31818182,1.282401091,0.688117659
[Ni3(HCOO)6],BTDA-TDI/MDI (P84),400,293,4.6,4.6,0.35,,30,5,0.016363636,44,2.333333333,0.281818182
ZIF-90,6FDA-TP,79,1426,11.2,3.5,0.1,58.5,35,,0.5,40,1.3,1.083333333
MIL-125,PSF,650,1300,10.7,6,0.1,10,30,3,0.431818182,22,1.947368421,1.286363636
ZIF-8,P84,30,1821,11.8,3.4,0.27,20,25,3,0.049,54.28571429,4.142857143,1.691666667
MOF–74,PVAc,3000,355,11,11,0.2,60,35,6,0.07,10.14285714,5.605633803,1.783610755
ZIF-71,PIM-1-TT,,996.4,16.5,4.2,0.2,60,35,3.5,322.2,10.22563625,1.803502595,1.165907978
ZIF-108,P84,,384,16.4,5.5,0.23,,30,3,0.098066298,72.4,14.07042254,0.031353591
MIL-53,Ultem 100,125,840,7.8,7.8,0.15,61.5,35,11.2,0.2,31,0.483870968,1.165954139
MIL-125,Matrimid 9725,1750,1040,10.7,5.5,0.2,,35,9,0.133333333,30,3,1.266666667
TKL-107,Matrimid 5218,,1454,6,6,0.2,65,25,2,0.209366391,36.3,2.302631579,1.779614325
ZIF-8,6FDA-HAB DAM-3,50,1350,11.6,3.4,0.1,60,35,1,4.4,32.72727273,1.548611111,0.908518519
MIL-101,SPEEK,500,1372,19.9,6.61,0.1,65,25,1,75.3968254,7.56,1.754385965,1.082010582
ZIF-8,PEGDA-co-PEGMEA,200,1500,11.8,3.4,0.2,125,35,,19,17.36842105,2.545454545,0.93006993
MIL-53,6FDA/ODA-DAM,125,1440,8.5,8.5,0.25,61.5,35,11.2,6.4,20.3125,0.946153846,0.877591973
MOF-5,PI,3000,2387,7.8,7.8,0.05,40,25,1,0.22,9.318181818,2.146341463,1.049322493
UiO-66,PIM-1-TT,30,950,11,6,0.05,1,25,4,206.8965517,14.5,0.966666667,1.862068966
ZIF-8,Pebax2533,400,1350,11.6,3.4,0.3,50,25,6,34,8.794117647,4.080267559,0.976965472
Fe-BTC,PEBAX 1657,200,1500,8.5,5.8,0.15,,25,3,3.84,18.40364583,1.268289232,1.129983909
Cu3BTC2,6FDA-mPD,100,950,,,0.16,,35,3,0.185185185,54,2,1.351851852
ZIF-8,Pebax2533,400,1350,11.6,3.4,0.25,50,25,6,34,8.794117647,3.775919732,0.937089569
MOF–74,PVAc,3000,325,11,11,0.15,60,35,6,0.07,10.14285714,2.422535211,1.541613316
Fe-BTC,PEBAX 1657,200,1500,8.5,5.8,0.05,,25,3,3.84,18.40364583,1.143200792,1.050213168
MOF-5,PI,3000,2387,7.8,7.8,0.05,40,25,1,0.22,9.318181818,2.012195122,0.916527799
ZIF-8,Matrimid 5218,60,1450,11.6,3.4,0.05,55,22,4,0.23,35.08695652,1.24535316,1.101658564
ZIF-7,PIM-1-TT,30,351,7.5,3,0.2,85,30,2,368.852459,12.2,0.577777778,1.352459016
MOF-5,PI,3000,2387,7.8,7.8,0.05,40,25,3,0.225,9.777777778,1.761363636,1.204579994
MOF-5,PI,3000,2387,7.8,7.8,0.05,40,25,5,0.249,9.236947791,2.417391304,0.834854972
ZIF-7,PEBAX 1657,35,1100,7.5,3,0.22,0.812,20,3.5,5.142857143,14,1.541666667,2.142857143
ZIF-8,6FDA-HAB DAM-3,50,1350,11.6,3.4,0.2,60,35,1,4.4,32.72727273,1.8125,0.949404762
UiO-66,Matrimid 9725,150,1080,11,6,0.3,85,35,9,0.189102564,31.2,2.661016949,1.147435897
Fe-BTC,Matrimid 5218,50000,1500,8.5,5.5,0.1,61.5,35,5,0.354,25.19774011,1.014573991,1.014573991
ZIF-8,Pebax2533,400,1350,11.6,3.4,0.3,50,25,2,42,8.357142857,3.35042735,0.984041599
Cu3BDC2,PIM-1-TT,27.5,180,5.2,5.2,0.1,0.2,25,1,489,3,0.229887006,5.216666667
ZIF-8,PPEES,4900,1550,11.8,3.4,0.2,,30,1,0.3,25,3.6,1.028571429
ZIF-8,6FDA-Durene,50,1500,11.6,3.4,0.05,,30,3.5,66.57,7.030343999,1.481891413,2.352719087
MOF-5,PI,3000,2387,7.8,7.8,0.05,40,25,2,0.223,9.417040359,3.095238095,1.009120022
ZIF-8,Pebax2533,400,1350,11.6,3.4,0.1,50,25,6,34,8.794117647,1.448160535,0.879240325
UiO-66,PMMA,,889,11,6,0.2,150,24,4,0.008,68.75,2.145454545,1.865612648
UiO-66,6FDA-DAM,50,951,11,6,0.08,45,25,2,33.89830508,29.5,1.75,1.084745763
MOP-18,Matrimid 5218,5000,,15,10,0.33,22,35,2.6,0.22,33.31818182,1.909959072,0.646447686
MIL-53,6FDA-ODA,125,1365,8.5,8.5,0.25,,35,11.2,2.979166667,4.8,1.48951049,1.141666667
ZIF-8,PVC-g-POEM,250,1350,11.6,3.4,0.05,,35,1,2.4,18.125,1.188505747,0.950804598
MIL-53,6FDA-ODA,125,745,7.8,7.8,0.25,,35,11.2,2.979166667,4.8,1.006993007,2.979166667
UiO-66,PIM-1-TT,150,1150,11,6,0.1,1,25,4,206.8965517,14.5,1.833333333,0.951724138
ZIF-8,6FDA-Durene,150,1350,11.6,3.4,0.07,50,25,6,68.1,20.05580029,1.223898082,0.989874814
ZIF-8,6FDA-Durene,150,1350,11.6,3.4,0.3,50,25,2,65,22.58923077,1.488456038,0.757632282
MOF-5,PI,3000,2387,7.8,7.8,0.05,40,25,4,0.227,9.911894273,2.271111111,0.733345978
MIL-101,Matrimid 5218,,2730,19.9,12,0.1,,35,7,0.21,34.9047619,1.638472033,1.495996204
MOF-5,PI,3000,2387,7.8,7.8,0.05,40,25,3,0.225,9.777777778,2.309090909,1.012759171
Ni2(dobdc),6FDA-Durene,17.5,1400,7.6,7.6,0.21,,25,1,34.77777778,18,1.653354633,0.683333333
MIL-53,Matrimid 5218,650,1350,,6,0.25,90,35,3,0.260869565,34.5,0.911111111,0.942028986
ZIF-8,P84,30,1821,11.8,3.4,0.08,20,25,3,0.049,54.28571429,1.184210526,1.160526316
MOF-5,PEI,55,2387,8.67,8.67,0.25,35,25,3,0.09,18.66666667,3.208333333,1.255434783
MOF-5,PI,3000,2387,7.8,7.8,0.05,40,25,5,0.249,9.236947791,3.5,0.939116379
Ni2(dobdc),cellulose acetate,17.5,1400,7.6,7.6,0.23,,25,1,0.114379085,30.6,1.08,0.990196078
ZIF-8,PEBAX 1657,151,1315,11.6,3.4,2,13,30,2,39,3.897435897,1.710526316,3.254172015
MIL-53,6FDA/ODA-DAM,125,840,7.8,7.8,0.32,61.5,35,11.2,1.7,18.94117647,1.888198758,1.528541852
T-MOF-5,PEI,90,1280,6.3,6.3,0.05,35,25,6,0.09,18.88888889,1.117647059,1.005882353
MOF-5,PI,3000,2387,7.8,7.8,0.05,40,25,1,0.22,9.318181818,2.546341463,1.035480817
MOF-5,PI,3000,2387,7.8,7.8,0.05,40,25,2,0.223,9.417040359,2.280952381,0.924822511
MOF-5,PI,3000,2387,7.8,7.8,0.05,40,25,3,0.225,9.777777778,1.681818182,1.22462489
UiO-66,PMMA,100,1500,11,6,0.05,150,24,4,0.008,68.75,1.072727273,1.033953998
MIL-68,PSF,1364,100,6,6,0.08,,35,0.27,0.19,28.42105263,0.981481481,1.096949891
MIL-125,Matrimid 9725,1750,1040,10.7,5.5,0.05,,35,9,0.133333333,30,1.25,1.1
MIL-101,PSF,1000,519,19.9,12,0.15,75,35,3,0.211570248,24.2,1.40234375,1.033057851
UiO-66,6FDD,324,537,11,6,0.5,50,35,3,5.3,31.13207547,3.939393939,1.03360336
UiO-66,6FDA-DAM,50,951,11,6,0.14,45,25,2,33.89830508,29.5,1.87,1.050847458
MIL-101,PI,1000,519,19.9,12,0.15,75,35,3,0.236842105,38,1.005555556,0.952631579
MIL-53,PVDF,100,1170,8.5,8.5,0.05,,25,0.5,0.043,21.27906977,1.322404372,0.997603298
Cu3BTC2,ODPA–TMPDA,400,1232,8.6,8.6,0.1,55,35,2,1.628542165,29.29,2.348008386,0.887674974
MOF-5,PI,3000,2387,7.8,7.8,0.05,40,25,2,0.223,9.417040359,2.285714286,0.884920635
Cu3BTC2,6FDA-mPD,100,950,,,0.08,,35,3,0.185185185,54,1.2,1.240740741
MOF-5,PI,3000,2387,7.8,7.8,0.05,40,25,3,0.225,9.777777778,2.368181818,0.860809223
UiO-66,Matrimid 9725,150,800,11,6,0.3,85,35,9,0.189102564,31.2,2.305084746,1.445512821
ZIF-8,Pebax2533,400,1350,11.6,3.4,0.05,50,25,6,34,8.794117647,1.327759197,0.885172798
MIL-53,6FDA/ODA-DAM,125,840,7.8,7.8,0.2,61.5,35,11.2,2.3,23.52173913,0.972273567,0.657714472
MOF-5,PI,3000,2387,7.8,7.8,0.05,40,25,5,0.249,9.236947791,1.817391304,1.319330714
MOF-5,PI,3000,2387,7.8,7.8,0.05,40,25,3,0.225,9.777777778,2.868181818,0.98978667
MOF-5,PI,3000,2387,7.8,7.8,0.05,40,25,4,0.227,9.911894273,2.164444444,0.914951376
MIL-53,6FDA/ODA-DAM,125,1440,8.5,8.5,0.15,61.5,35,11.2,1.7,18.94117647,2.372670807,0.443246195
TKL-107,Matrimid 5218,,1454,6,6,0.1,65,25,2,0.209366391,36.3,1.315789474,1.652892562
KAUST-7,6FDA-Durene,80,248,4.7,4.7,0.22,50,35,2,31.45833333,24,1.291390728,1.25
T-MOF-5,PEI,90,1280,6.3,6.3,0.15,35,25,6,0.09,18.88888889,1.235294118,1.010695187
ZIF-90,6FDA-TP,79,1426,11.2,3.5,0.4,58.5,35,,0.5,40,2.25,0.865384615
ZIF-8,6FDA-Durene,150,1350,11.6,3.4,0.05,50,25,2,65,22.58923077,1.154396241,0.887997108
ZIF-90,6FDA-TP,79,1426,11.2,3.5,0.5,58.5,35,,0.5,40,3.15,0.875
ZIF-8,PEBAX 1657,275,1029,11.6,3.4,0.05,80,25,1,4,19,1.078947368,0.959064327
UiO-66,PIM-1-TT,150,1150,11,6,0.05,1,25,4,206.8965517,14.5,1.6,1.04137931
ZIF-8,6FDA-durene-PDMC.,,1350,11.6,3.4,1,70,35,3.5,30,15.61666667,2.544290288,0.177508625
UiO-66,6FDD,324,537,11,6,0.1,50,35,3,5.3,31.13207547,1.223636364,0.967951153
ZIF-8,PEBAX 1657,44,1792,11.6,3.4,32,13,30,2,39,3.897435897,1.875,3.482142857
ZIF-8,6FDA-Durene,50,1500,11.6,3.4,0.1,,30,3.5,66.57,7.030343999,3.048545971,4.08251268
ZIF-11,6FDA,1100,350.29,14.6,3,0.2,70,35,4,0.63,32.6984127,12.5,0.948795181
ZIF-8,6FDA-HAB DAM-9,50,1350,11.6,3.4,0.1,60,35,1,18.4,22.44565217,1.121065375,1.192346989
Cu3BDC2,PIM-1-TT,27.5,180,5.2,5.2,0.05,0.2,25,1,489,3,0.331355932,4.25
sod-ZMOF,Matrimid 5218,2000,33,1.6,9.6,0.05,47.5,30,4,0.15,37.26666667,1.221824687,0.964598437
MIL-53,Ultem 100,125,1440,8.5,8.5,0.15,61.5,35,11.2,0.2,31,0.285483871,1.392604249
MIL-53,Matrimid 5218,100,1118,8.5,8.5,0.333,55,35,2,0.22,38.18181818,3.166666667,1.201149425
ZIF-8,6FDA-Durene,150,1350,11.6,3.4,0.1,50,25,6,68.1,20.05580029,1.302679748,1.018513098
ZIF-8,PEGDA,200,1500,11.8,3.4,0.2,125,35,,6.5,20,3.846153846,0.85
ZIF-7,PIM-1-TT,30,426,7.5,3,0.3,85,30,2,368.852459,12.2,1.111111111,0.803278689
MOF-5,Matrimid 5218,100,3000,11,11,0.1,35,35,2,0.22,40.90909091,1.233333333,1.233333333
ZIF-8,PEBAX 1657,250,698,11.6,3.4,0.05,80,25,1,4,19,1.052631579,1.203007519
ZIF-8,6FDA-Durene,150,1350,11.6,3.4,0.03,50,25,6,68.1,20.05580029,1.061429199,0.958664834
MIL-53,Matrimid 5218,200,1200,8.5,8.5,0.2,55,35,5,0.355,23.38028169,2.048192771,1.938955823
ZIF-8,TBDA2-6FDA,45,1250,11.6,3.4,0.2,,35,1,8,35.625,2.463157895,0.656842105
Cu3BTC2,PEBAX 1657,,644,8.6,8.6,0.2,75,30,0.3,5.12,16.4453125,2.020190024,1.596199525
